"NOME";"ID"
Braca Bar;35
CRM Menu;10
Damaque Restaurante - Berrini;13
Demonstração;19
Empório Santa Adelaide;12
Facil transportes;49
Living HNK - Florianópolis;44
Living HNK - Mezanino - CWB;32
Mansão Restaurante - João Pessoa;30
Mea Bistrô Mediterrâneo;51
Milk Shake Mix - Linhares Loja 01 - Pátio Mix;34
Milk Shake Mix - Linhares Loja 02 - Shopping W;37
Milk Shake Mix - Linhares Loja 03 - Laguna;38
Milk Shake Mix - Mogi Guaçu;36
Milk Shake Mix - Mogi Mirim;41
Milk Shake Mix - Moxuara;40
Milk Shake Mix - Shopping Mogi;46
Milk Shake Mix - Shopping Tucuruvi;16
Milk Shake Mix - Sooretama;39
Milk Shake Mix - Teresópolis;33
Oguru - Shopping Market Place;42
Pecorino Bar e Trattoria - Jardins;53
Pecorino Bar e Trattoria - Shop. Eldorado;56
Pecorino Bar e Trattoria - Shop. Ibirapuera;55
Pecorino Bar e Trattoria - Shop. Vila Olímpia;54
Sandoca;52
Santo Sushi;45
Seu Vito Gastronomia - Higienópolis;28
Seu Vito Gastronomia - Pinheiros;27
Sliders Hamburgueria - Jardins;23
Sliders Hamburgueria - Vila Olimpia;26
The Bowl;57
Thies Bar;43
Tibidabo Sorvetes - Shopping Aricanduva;24
Tibidabo Sorvetes - Shopping Interlagos;25
Tibidabo Sorvetes - Shopping Itaquera;22
Tibidabo Sorvetes - Shopping Mauá;15
Tibidabo Sorvetes - Shopping Osasco;31
Tibidabo Sorvetes - Shopping Penha;29
Tibidabo Sorvetes - Shopping Santo André;21
Tibidabo Sorvetes - Shopping Taboão;18
